user_id,pickup_datetime,pickup_latitude,pickup_longitude,nearest_poi
0,2013-06-08 11:09:00,40.752457,-73.994098,2098
1,2013-06-08 12:59:00,40.73649,-73.993397,4700
2,2013-06-08 12:54:00,40.735302,-73.979572,2306
3,2013-06-08 15:06:00,40.622415,-73.99556,5285
4,2013-06-08 02:36:00,40.725315,-73.992322,2575
5,2013-06-08 13:56:00,40.757607,-73.969627,6158
6,2013-06-08 13:14:00,40.725597,-74.005425,4289
7,2013-06-08 14:41:00,0,0,5907
8,2013-06-08 11:30:00,40.780447,-73.981295,213
9,2013-06-08 15:08:00,40.7861,-73.94827,5189
10,2013-06-08 14:37:00,40.645197,-73.7767,454
11,2013-06-08 12:19:00,40.750785,-73.9857,3245
12,2013-06-08 10:12:00,40.719742,-74.00533,715
13,2013-06-08 03:58:00,40.724877,-73.992298,518
14,2013-06-08 12:15:00,40.76831,-73.964983,2858
15,2013-06-08 14:56:00,40.757667,-73.966487,5569
16,2013-06-08 14:20:00,40.744692,-73.995235,3776
17,2013-06-08 16:06:00,40.732832,-74.000182,2460
18,2013-06-08 03:48:00,40.717822,-73.985367,308
19,2013-06-12 18:10:00,40.737365,-73.992615,2567
20,2013-06-08 07:45:00,40.785407,-73.951307,5905
21,2013-06-08 15:41:00,40.711677,-74.007547,5525
22,2013-06-08 13:50:00,40.77214,-73.9468,3260
23,2013-06-08 15:08:00,40.760512,-73.987298,4083
24,2013-06-08 13:58:00,40.750237,-73.991607,5951
25,2013-06-08 17:21:00,40.73115,-74.00132,333
26,2013-06-08 17:14:00,40.74467,-73.991673,279
27,2013-06-08 09:24:00,40.734692,-73.999725,3707
28,2013-06-08 10:30:00,40.760942,-73.969902,3218
29,2013-06-08 14:26:00,40.791777,-73.941568,5734
30,2013-06-08 09:56:00,40.725912,-74.000795,5260
31,2013-06-08 08:34:00,40.770207,-73.951322,5695
32,2013-06-08 16:27:00,40.758412,-73.968765,2953
33,2013-06-08 15:48:00,40.76383,-73.92802,327
34,2013-06-08 12:18:00,40.71858,-73.987785,410
35,2013-06-08 09:39:00,40.757387,-73.97463,3210
36,2013-06-08 12:16:00,40.78282,-73.98236,3016
37,2013-06-08 10:06:00,40.752677,-73.975325,6254
38,2013-06-08 04:50:00,40.741907,-73.984977,5927
39,2013-06-08 17:52:00,40.78856,-73.976228,6261
40,2013-06-08 10:45:00,40.765002,-73.970035,4335
41,2013-06-08 14:36:00,40.727017,-74.003242,2987
42,2013-06-08 10:17:00,40.707327,-74.008028,850
43,2013-06-08 02:35:00,40.73026,-74.000362,3388
44,2013-06-08 12:32:00,40.778832,-73.981763,3988
45,2013-06-08 15:44:00,40.748105,-73.978427,3614
46,2013-06-08 11:03:00,40.73329,-74.006502,416
47,2013-06-08 14:22:00,40.748497,-73.999832,4203
48,2013-06-08 13:48:00,40.725845,-73.997662,3778
49,2013-06-08 14:52:00,40.77153,-73.986843,3512
50,2013-06-08 17:45:00,40.778277,-73.94555,4992
51,2013-06-08 10:18:00,40.77132,-73.982325,2946
52,2013-06-08 15:34:00,40.766552,-73.978157,4018
53,2013-06-08 16:02:00,40.733715,-73.980845,2415
54,2013-06-08 11:09:00,40.791247,-73.965042,2236
55,2013-06-08 10:26:00,40.74008,-73.988165,4516
56,2013-06-08 08:54:00,40.746575,-73.917937,322
57,2013-06-08 13:15:00,40.756392,-73.974197,459
58,2013-06-08 12:10:00,40.775367,-73.94577,5593
59,2013-06-08 10:52:00,40.744112,-73.999347,5456
60,2013-06-08 06:36:00,40.737805,-73.98471,194
61,2013-06-08 12:17:00,40.748947,-73.988612,4235
62,2013-06-08 12:20:00,40.76498,-73.987947,171
63,2013-06-08 13:20:00,40.769807,-73.982217,3340
64,2013-06-08 03:29:00,40.644907,-73.797942,838
65,2013-06-08 16:51:00,40.746942,-73.974417,146
66,2013-06-08 12:27:00,40.734685,-74.000063,3707
67,2013-06-08 11:30:00,40.770535,-73.990995,2478
68,2013-06-08 11:26:00,40.751202,-73.98302,6327
69,2013-06-08 10:45:00,40.759077,-73.96575,5968
70,2013-06-08 14:25:00,40.748175,-73.980697,3795
71,2013-06-08 16:35:00,40.766122,-73.987052,399
72,2013-06-08 15:27:00,40.727975,-73.99302,5479
73,2013-06-08 14:53:00,40.750397,-73.99111,5951
74,2013-06-08 15:25:00,40.853852,-73.920722,1916
75,2013-06-08 08:09:00,40.757312,-73.989793,2967
76,2013-06-08 12:22:00,40.76015,-73.98856,3408
77,2013-06-08 12:47:00,40.7526,-73.978482,619
78,2013-06-08 03:04:00,40.810375,-73.954677,1376
79,2013-06-08 12:42:00,40.777147,-73.975407,3326
80,2013-06-08 09:58:00,40.745847,-73.980425,2165
81,2013-06-08 11:07:00,40.767535,-73.989707,3517
82,2013-06-08 12:06:00,40.761922,-73.990057,6385
83,2013-06-08 14:12:00,40.77815,-73.948187,6044
84,2013-06-08 14:20:00,40.757157,-73.99344,5164
85,2013-06-08 11:35:00,40.743735,-73.972795,3572
86,2013-06-08 12:07:00,40.77377,-73.87095,3355
87,2013-06-08 17:55:00,0,0,5907
88,2013-06-08 09:38:00,40.776797,-73.94656,5593
89,2013-06-08 08:53:00,40.783692,-73.950402,5500
90,2013-06-08 17:02:00,40.756952,-73.989047,2968
91,2013-06-08 14:41:00,40.79395,-73.970567,2348
92,2013-06-08 18:36:00,40.733172,-73.999947,2460
93,2013-06-08 09:52:00,40.758962,-73.992465,3714
94,2013-06-08 09:55:00,40.795247,-73.950798,2010
95,2013-06-08 11:54:00,40.785947,-73.950855,5905
96,2013-06-08 17:54:00,40.756955,-73.978232,6334
97,2013-06-08 10:49:00,40.740392,-73.994567,5821
98,2013-06-08 14:52:00,40.751692,-74.000908,6191
99,2013-06-08 15:28:00,40.720322,-74.008532,4108
100,2013-06-08 16:14:00,40.768442,-73.985477,2949
101,2013-06-08 17:14:00,40.735997,-73.993638,4700
102,2013-06-08 10:31:00,40.74516,-73.987028,3960
103,2013-06-08 03:26:00,40.661542,-73.98098,6242
104,2013-06-08 14:25:00,40.734732,-73.986402,3926
105,2013-06-08 06:45:00,40.804555,-73.955328,6257
106,2013-06-08 14:20:00,40.748552,-73.974995,6107
107,2013-06-08 06:18:00,40.75234,-73.975527,6254
108,2013-06-08 12:48:00,40.744832,-73.978625,16
109,2013-06-08 15:29:00,40.779602,-73.953433,5606
110,2013-06-08 13:20:00,40.720917,-73.9951,2615
111,2013-06-08 02:05:00,40.731417,-73.988963,2592
112,2013-06-08 09:58:00,40.7184,-73.988287,5663
113,2013-06-08 02:36:00,40.725882,-73.991932,941
114,2013-06-08 12:41:00,40.754935,-73.99519,5573
115,2013-06-08 11:34:00,40.749502,-73.995102,6278
116,2013-06-08 12:59:00,40.709887,-74.007332,3466
117,2013-06-08 08:49:00,40.734187,-73.986522,3926
118,2013-06-08 14:00:00,40.72463,-73.9992,3405
119,2013-06-08 16:03:00,40.75238,-73.978045,619
120,2013-06-08 08:39:00,40.777215,-73.982477,3012
121,2013-06-08 17:56:00,40.735897,-73.979207,2307
122,2013-06-08 13:51:00,40.749817,-73.991907,5951
123,2013-06-08 16:00:00,40.764732,-73.966197,3806
124,2013-06-08 15:40:00,40.723025,-73.98905,256
125,2013-06-08 12:53:00,40.736572,-74.005697,5267
126,2013-06-08 03:16:00,40.748022,-73.980852,3795
127,2013-06-08 09:42:00,40.792497,-73.968028,2236
128,2013-06-08 15:06:00,40.763995,-73.973995,2948
129,2013-06-08 08:29:00,40.768772,-73.862782,6340
130,2013-06-08 12:49:00,40.78066,-73.981165,213
131,2013-06-08 13:23:00,40.74826,-74.003832,3973
132,2013-06-08 11:55:00,40.731157,-73.999445,2638
133,2013-06-08 12:54:00,40.787852,-73.97487,2512
134,2013-06-08 12:23:00,40.760885,-73.99565,3574
135,2013-06-08 17:52:00,40.734112,-73.999712,2639
136,2013-06-08 12:51:00,40.745645,-73.991012,2627
137,2013-06-08 14:59:00,40.74989,-73.991455,5951
138,2013-06-08 10:16:00,40.730115,-73.979533,701
139,2013-06-08 10:51:00,40.76999,-73.863452,6340
140,2013-06-08 15:44:00,40.74846,-73.976958,2152
141,2013-06-08 12:05:00,40.744745,-73.99685,3968
142,2013-06-08 08:35:00,40.75114,-73.969567,3570
143,2013-06-08 16:27:00,40.716215,-74.01342,545
144,2013-06-08 11:17:00,40.751452,-73.971022,3053
145,2013-06-08 09:36:00,40.74352,-73.919852,5382
146,2013-06-08 15:17:00,40.754967,-73.98405,6360
147,2013-06-08 12:01:00,40.760142,-73.985847,6210
148,2013-06-08 13:00:00,40.750502,-73.97469,4017
149,2013-06-08 14:08:00,40.826472,-73.950515,4684
150,2013-06-08 12:08:00,40.751712,-73.975565,4035
151,2013-06-08 05:04:00,40.773327,-73.955055,2147
152,2013-06-08 14:58:00,40.738307,-73.980582,5827
153,2013-06-08 11:39:00,40.756102,-73.990043,2969
154,2013-06-08 16:08:00,40.778717,-73.95356,5815
155,2013-06-08 14:19:00,40.709875,-74.014622,2924
156,2013-06-08 13:52:00,40.677022,-74.000717,6212
157,2013-06-08 13:47:00,40.75704,-73.993692,3650
158,2013-06-08 12:23:00,40.795432,-73.973482,3993
159,2013-06-08 09:20:00,40.70814,-74.008325,802
160,2013-06-08 16:11:00,40.754552,-73.987987,787
161,2013-06-08 16:54:00,40.788285,-73.96726,2330
162,2013-06-08 12:02:00,40.756602,-73.969632,6376
163,2013-06-08 10:01:00,40.757255,-73.969775,6158
164,2013-06-08 17:03:00,40.767132,-73.986152,2322
165,2013-06-08 10:57:00,40.751275,-73.993947,6229
166,2013-06-08 06:43:00,40.694732,-73.992402,5522
167,2013-06-08 09:37:00,40.767952,-73.98536,2889
168,2013-06-08 13:26:00,40.716787,-73.985712,5636
169,2013-06-08 02:29:00,40.720257,-74.005072,6292
170,2013-06-08 03:09:00,40.727735,-73.99128,3950
171,2013-06-08 16:49:00,40.740325,-73.98218,2905
172,2013-06-08 15:12:00,40.707832,-74.013492,4301
173,2013-06-08 16:42:00,40.709017,-73.991655,6015
174,2013-06-08 16:56:00,40.762452,-73.986642,3244
175,2013-06-08 14:25:00,40.780815,-73.958967,6074
176,2013-06-08 13:22:00,40.715235,-74.009378,2862
177,2013-06-08 09:54:00,40.735087,-73.991345,3914
178,2013-06-08 14:46:00,40.743922,-73.995372,3975
179,2013-06-08 03:02:00,40.720795,-73.987032,482
180,2013-06-08 02:31:00,40.726847,-74.007372,5262
181,2013-06-08 13:56:00,40.806877,-73.961065,5308
182,2013-06-08 14:37:00,40.782187,-73.948405,4852
183,2013-06-08 02:26:00,40.750682,-73.97484,4017
184,2013-06-08 12:33:00,40.764412,-73.956205,4912
185,2013-06-08 17:37:00,40.754567,-73.988275,787
186,2013-06-08 16:06:00,40.729467,-73.9782,4276
187,2013-06-08 12:22:00,40.764537,-73.970347,4335
188,2013-06-08 13:33:00,40.743165,-73.993087,469
189,2013-06-08 17:51:00,40.747057,-73.989797,943
190,2013-06-08 11:35:00,40.71144,-74.015467,4285
191,2013-06-08 12:59:00,40.702037,-74.012912,2137
192,2013-06-08 12:07:00,40.740442,-74.007727,5742
193,2013-06-08 11:33:00,40.749287,-73.998997,949
194,2013-06-08 14:25:00,40.729572,-73.981042,702
195,2013-06-08 10:01:00,40.768812,-73.86304,6340
196,2013-06-08 10:05:00,40.774035,-73.977437,3011
197,2013-06-08 10:40:00,40.768782,-73.952225,4857
198,2013-06-08 18:09:00,40.766895,-73.953642,987
199,2013-06-08 15:41:00,40.761475,-73.966522,957
200,2013-06-08 13:15:00,40.735187,-73.99726,2760
201,2013-06-08 09:02:00,40.80301,-73.951935,1760
202,2013-06-08 01:41:00,40.71425,-74.000092,4612
203,2013-06-08 02:59:00,40.751082,-73.940742,3989
204,2013-06-08 13:15:00,40.756242,-73.969892,2838
205,2013-06-08 12:00:00,40.772065,-73.947258,3260
206,2013-06-08 12:33:00,40.746175,-73.974788,3647
207,2013-06-08 12:16:00,40.72967,-73.983878,2833
208,2013-06-08 12:16:00,40.780127,-73.956967,3367
209,2013-06-08 13:59:00,40.750197,-73.987422,3750
210,2013-06-08 12:48:00,0,0,5907
211,2013-06-08 10:48:00,40.762997,-73.959492,2981
212,2013-06-08 14:38:00,40.709662,-74.01196,4632
213,2013-06-08 12:31:00,40.740717,-73.978083,2907
214,2013-06-08 12:05:00,40.739452,-73.984562,4846
215,2013-06-08 01:25:00,40.741485,-74.006335,270
216,2013-06-08 13:26:00,40.757347,-73.989832,2967
217,2013-06-08 16:00:00,40.742462,-73.98064,3575
218,2013-06-08 13:28:00,40.76455,-73.984847,298
219,2013-06-08 12:50:00,40.759665,-73.962428,4853
220,2013-06-08 11:32:00,40.756857,-73.989777,2967
221,2013-06-08 02:30:00,40.757462,-73.983757,6353
222,2013-06-08 11:12:00,40.72088,-74.005238,2722
223,2013-06-08 10:19:00,40.750027,-73.971777,3571
224,2013-06-08 09:20:00,40.774237,-73.948497,1364
225,2013-06-08 12:07:00,40.780797,-73.958917,6074
226,2013-06-08 04:12:00,40.720047,-74.004387,6060
227,2013-06-08 09:19:00,40.730497,-74.009617,3869
228,2013-06-08 15:36:00,40.701947,-74.012757,2137
229,2013-06-08 14:45:00,40.754027,-73.972275,3239
230,2013-06-08 09:57:00,40.755115,-73.971032,2151
231,2013-06-08 10:53:00,40.784842,-73.979072,6297
232,2013-06-08 12:53:00,40.736055,-73.979912,2307
233,2013-06-08 15:12:00,40.714917,-74.016167,4261
234,2013-06-08 02:29:00,40.750417,-73.998602,949
235,2013-06-08 11:21:00,40.768685,-73.958152,3000
236,2013-06-08 13:53:00,40.732095,-73.99585,4631
237,2013-06-08 14:19:00,40.756417,-73.989825,6394
238,2013-06-08 04:15:00,40.741722,-73.97809,6290
239,2013-06-08 11:54:00,40.779245,-73.94714,2870
240,2013-06-08 17:34:00,40.784162,-73.954297,1880
241,2013-06-08 12:05:00,40.752832,-73.994612,2098
242,2013-06-08 16:41:00,40.725282,-73.996685,280
243,2013-06-08 13:33:00,40.778672,-73.960392,2101
244,2013-06-08 10:16:00,40.794727,-73.97178,2
245,2013-06-08 14:59:00,40.750897,-73.990485,526
246,2013-06-08 03:35:00,40.725937,-73.991945,941
247,2013-06-08 11:51:00,40.759252,-73.995667,6033
248,2013-06-08 12:56:00,40.729857,-74.002072,2241
249,2013-06-08 02:31:00,40.721137,-73.99761,6286
250,2013-06-08 17:44:00,40.782952,-73.952972,5611
251,2013-06-08 13:45:00,40.769322,-73.961765,2858
252,2013-06-08 14:44:00,40.764662,-73.97044,4335
253,2013-06-08 12:03:00,40.696147,-73.984333,6115
254,2013-06-08 11:33:00,40.76895,-73.862842,6340
255,2013-06-08 09:42:00,40.745442,-74.002222,3662
256,2013-06-08 10:08:00,40.739355,-73.986895,460
257,2013-06-08 14:14:00,40.749577,-73.987877,5619
258,2013-06-08 15:50:00,40.780802,-73.960857,2101
259,2013-06-08 11:34:00,40.764942,-73.963905,3396
260,2013-06-08 11:07:00,40.769542,-73.98369,4341
261,2013-06-08 03:50:00,40.740192,-74.005802,3453
262,2013-06-08 18:14:00,40.73043,-73.998412,1926
263,2013-06-08 17:13:00,40.724687,-73.99918,3405
264,2013-06-08 12:56:00,40.760042,-73.986175,6210
265,2013-06-08 14:30:00,40.68947,-73.994757,2436
266,2013-06-08 15:04:00,40.763472,-73.971465,4586
267,2013-06-08 15:12:00,40.777932,-73.961725,733
268,2013-06-08 17:09:00,40.647897,-73.785832,3661
269,2013-06-08 12:34:00,40.748857,-73.9888,4235
270,2013-06-08 13:02:00,40.779617,-73.981075,5563
271,2013-06-08 12:33:00,40.777452,-73.950635,5983
272,2013-06-08 03:29:00,40.779752,-73.947345,2870
273,2013-06-08 13:54:00,40.779582,-73.950552,5293
274,2013-06-08 09:03:00,40.739247,-73.981635,3808
275,2013-06-08 11:39:00,40.792245,-73.968197,2236
276,2013-06-08 17:39:00,40.762357,-73.966015,6185
277,2013-06-08 12:33:00,40.745775,-73.98174,2149
278,2013-06-08 14:44:00,40.771157,-73.983255,2947
279,2013-06-08 04:46:00,40.798777,-73.936457,4305
280,2013-06-08 12:11:00,40.781155,-73.979863,6268
281,2013-06-08 14:19:00,40.75002,-74.002527,3919
282,2013-06-08 16:12:00,40.747862,-74.004027,3973
283,2013-06-08 11:46:00,40.739545,-73.982595,289
284,2013-06-08 11:36:00,40.72807,-73.988057,6054
285,2013-06-08 03:29:00,40.808127,-73.945295,1561
286,2013-06-08 14:01:00,40.756277,-73.970363,2838
287,2013-06-08 01:54:00,40.774332,-73.948322,1364
288,2013-06-08 13:41:00,40.779605,-73.945913,4992
289,2013-06-08 12:00:00,40.748227,-73.98026,3795
290,2013-06-08 14:59:00,40.718417,-74.005202,6321
291,2013-06-08 10:16:00,40.744245,-73.985625,3632
292,2013-06-08 01:50:00,40.740077,-74.005952,2767
293,2013-06-08 17:22:00,40.762212,-73.974927,4325
294,2013-06-08 15:32:00,40.722857,-73.988025,4237
295,2013-06-08 17:15:00,40.77735,-73.989572,3012
296,2013-06-08 17:35:00,40.777677,-73.94871,2855
297,2013-06-08 08:48:00,40.743847,-73.92811,2318
298,2013-06-08 14:10:00,40.782185,-73.982687,3016
299,2013-06-08 15:04:00,40.77072,-73.95466,2856
300,2013-06-08 13:35:00,40.778062,-73.974655,3313
301,2013-06-08 11:36:00,40.726715,-73.986045,5756
302,2013-06-08 14:25:00,40.745387,-73.993497,3231
303,2013-06-08 02:31:00,40.760592,-73.991043,918
304,2013-06-08 16:57:00,40.758027,-73.966195,5968
305,2013-06-08 12:39:00,40.762592,-73.979247,907
306,2013-06-08 12:57:00,40.775557,-73.946077,5593
307,2013-06-08 14:00:00,40.71507,-74.012152,166
308,2013-06-08 13:46:00,40.760365,-73.97393,6251
309,2013-06-08 11:32:00,40.773582,-73.875827,3347
310,2013-06-08 13:52:00,40.762842,-73.98538,5696
311,2013-06-08 17:38:00,40.767677,-73.95317,4857
312,2013-06-08 14:50:00,40.750882,-74.005555,5577
313,2013-06-08 06:41:00,40.745107,-73.99842,2471
314,2013-06-08 17:42:00,40.774355,-73.963835,6200
315,2013-06-08 11:49:00,40.748695,-74.008193,4529
316,2013-06-08 15:06:00,40.766222,-73.971642,4335
317,2013-06-08 13:14:00,40.732932,-73.994025,350
318,2013-06-08 13:55:00,40.723642,-74.003432,5069
319,2013-06-08 13:49:00,40.756827,-73.972545,4056
320,2013-06-08 14:54:00,40.761325,-73.999657,2185
321,2013-06-08 10:53:00,40.769457,-73.984468,2888
322,2013-06-08 10:15:00,40.732887,-73.981392,2415
323,2013-06-08 16:58:00,40.791242,-73.947782,2220
324,2013-06-08 10:42:00,40.705657,-74.016667,3278
325,2013-06-08 14:32:00,40.742587,-73.989042,278
326,2013-06-08 15:34:00,40.759247,-73.98379,6198
327,2013-06-08 02:17:00,40.759367,-73.919667,3417
328,2013-06-08 07:44:00,40.77732,-73.950305,5983
329,2013-06-08 16:10:00,40.784462,-73.97363,2510
330,2013-06-08 13:36:00,40.740997,-73.99425,3432
331,2013-06-08 02:21:00,40.762917,-73.965575,6185
332,2013-06-08 09:11:00,40.709752,-74.012865,6239
333,2013-06-08 11:12:00,40.721732,-73.984835,309
334,2013-06-08 13:02:00,40.78201,-73.95884,6074
335,2013-06-08 11:51:00,40.718917,-73.996202,5521
336,2013-06-08 16:19:00,40.714675,-73.95818,3875
337,2013-06-08 03:32:00,40.744005,-73.98912,396
338,2013-06-08 13:03:00,40.708522,-74.013827,3501
339,2013-06-08 15:26:00,40.721345,-74.008352,4108
340,2013-06-08 10:06:00,40.748437,-73.978497,5751
341,2013-06-08 15:02:00,40.75571,-73.9684,26
342,2013-06-08 18:54:00,40.779362,-73.953583,5815
343,2013-06-08 11:43:00,40.721417,-74.005248,2722
344,2013-06-08 11:38:00,40.768815,-73.862865,6340
345,2013-06-08 04:22:00,40.735472,-73.9752,2306
346,2013-06-08 16:04:00,40.75527,-73.965043,3357
347,2013-06-08 13:21:00,40.710225,-74.007655,3888
348,2013-06-08 13:46:00,40.7617,-73.96662,957
349,2013-06-08 14:15:00,40.716532,-73.99718,2533
350,2013-06-08 15:47:00,40.710455,-74.011155,3198
351,2013-06-08 08:49:00,40.792927,-73.967805,2861
352,2013-06-08 09:30:00,40.765092,-73.991565,3521
353,2013-06-08 15:59:00,40.762907,-73.959762,2981
354,2013-06-08 11:05:00,40.741672,-73.99358,2897
355,2013-06-08 13:49:00,40.760472,-73.967172,3893
356,2013-06-08 12:34:00,40.768227,-73.968057,4334
357,2013-06-08 13:32:00,40.734117,-73.998717,3135
358,2013-06-08 12:05:00,40.76884,-73.862955,6340
359,2013-06-08 15:08:00,40.781227,-73.983435,3337
360,2013-06-08 12:19:00,40.772722,-73.98917,3512
361,2013-06-08 06:25:00,40.775735,-73.94722,5593
362,2013-06-08 10:53:00,40.689717,-73.975473,5484
363,2013-06-08 10:37:00,40.789325,-73.978402,6261
364,2013-06-08 16:00:00,40.720055,-74.002452,6060
365,2013-06-08 10:26:00,40.735687,-73.979395,2306
366,2013-06-08 08:52:00,40.754912,-73.973755,4388
367,2013-06-08 10:35:00,40.7699,-73.866312,6340
368,2013-06-08 13:30:00,0,0,5907
369,2013-06-08 09:01:00,40.764047,-73.979237,2934
370,2013-06-08 15:27:00,40.757422,-73.990667,5623
371,2013-06-08 15:02:00,40.751272,-73.991172,906
372,2013-06-08 13:25:00,40.782097,-73.981047,3016
373,2013-06-08 15:23:00,40.744077,-73.974162,3572
374,2013-06-08 12:23:00,40.77133,-73.865432,6340
375,2013-06-08 08:30:00,40.775982,-73.987332,3012
376,2013-06-08 09:05:00,40.778797,-73.98165,3988
377,2013-06-08 18:31:00,40.725557,-74.004432,4289
378,2013-06-08 14:44:00,40.738752,-73.98289,289
379,2013-06-08 11:17:00,40.767007,-73.971025,4335
380,2013-06-08 12:24:00,0,0,5907
381,2013-06-08 14:01:00,40.781255,-73.960787,6074
382,2013-06-08 11:23:00,40.73505,-74.006017,6364
383,2013-06-08 13:21:00,40.758972,-73.97529,2421
384,2013-06-08 13:47:00,40.742192,-73.996435,4062
385,2013-06-08 13:35:00,40.726112,-74.000685,5260
386,2013-06-08 13:01:00,40.758705,-73.970042,3887
387,2013-06-08 13:51:00,40.772205,-73.95581,4673
388,2013-06-08 08:19:00,0,0,5907
389,2013-06-08 16:03:00,40.768992,-73.862892,6340
390,2013-06-08 18:21:00,40.771602,-73.95032,5699
391,2013-06-08 13:28:00,40.800035,-73.940742,5507
392,2013-06-08 13:09:00,40.764492,-73.97681,4046
393,2013-06-08 13:18:00,40.762982,-73.96559,6185
394,2013-06-08 17:54:00,40.783772,-73.974157,3019
395,2013-06-08 15:44:00,40.776725,-73.964002,4153
396,2013-06-08 11:29:00,40.726005,-73.991817,941
397,2013-06-08 03:31:00,40.726942,-73.983827,413
398,2013-06-10 23:19:00,40.742172,-73.97459,6358
399,2013-06-08 06:41:00,40.766702,-73.970983,4335
400,2013-06-08 16:06:00,40.775307,-73.945672,5593
401,2013-06-08 17:52:00,40.787812,-73.97868,2238
402,2013-06-08 13:14:00,40.782877,-73.95096,5498
403,2013-06-08 10:38:00,40.744567,-73.994985,402
404,2013-06-08 13:24:00,40.764457,-73.96655,5990
405,2013-06-08 13:36:00,40.743612,-73.979442,4432
406,2013-06-08 18:16:00,40.7577,-73.997015,3520
407,2013-06-08 15:46:00,40.780822,-73.98141,3322
408,2013-06-08 12:39:00,0,0,5907
409,2013-06-08 08:17:00,40.764327,-73.97901,6214
410,2013-06-08 08:48:00,40.759287,-73.972417,6129
411,2013-06-08 14:28:00,40.738892,-73.991572,1
412,2013-06-08 15:37:00,40.73902,-73.99299,2522
413,2013-06-08 12:40:00,40.750282,-73.99462,2100
414,2013-06-08 14:33:00,40.738875,-74.00553,3591
415,2013-06-08 01:10:00,40.726542,-73.99233,3804
416,2013-06-08 02:07:00,40.725795,-73.983725,725
417,2013-06-08 14:35:00,40.746917,-73.981042,6137
418,2013-06-08 16:11:00,40.741957,-74.00478,5690
419,2013-06-08 10:39:00,40.713597,-73.99824,4610
420,2013-06-08 14:44:00,40.747737,-73.986862,5830
421,2013-06-08 12:42:00,40.774002,-73.98192,4016
422,2013-06-08 03:45:00,40.714137,-73.987105,273
423,2013-06-08 11:59:00,40.789857,-73.976943,6261
424,2013-06-08 11:38:00,40.705392,-74.007852,2362
425,2013-06-08 15:30:00,40.730277,-73.986502,2787
426,2013-06-08 13:30:00,40.785677,-73.953398,1880
427,2013-06-08 17:15:00,40.75893,-73.97917,4340
428,2013-06-08 12:24:00,40.793302,-73.972697,2599
429,2013-06-08 15:32:00,40.773362,-73.96229,504
430,2013-06-08 10:09:00,40.729722,-73.998745,3423
431,2013-06-08 13:24:00,40.782872,-73.957388,5711
432,2013-06-08 08:14:00,40.724517,-73.998737,3405
433,2013-06-08 17:38:00,40.763322,-73.963017,5969
434,2013-06-08 12:19:00,40.781792,-73.979292,2511
435,2013-06-08 14:27:00,40.73828,-73.992047,4670
436,2013-06-08 18:25:00,40.71093,-74.008837,4794
437,2013-06-08 08:48:00,40.756637,-73.997853,3520
438,2013-06-08 09:42:00,40.782612,-73.980523,2809
439,2013-06-08 12:25:00,40.779162,-73.960018,2101
440,2013-06-08 08:19:00,40.760185,-73.995093,3574
441,2013-06-08 10:48:00,40.749597,-73.995357,6278
442,2013-06-08 06:01:00,40.750462,-73.986372,3750
443,2013-06-08 15:05:00,40.77285,-73.952285,5591
444,2013-06-08 14:27:00,40.763445,-73.973827,4325
445,2013-06-08 07:21:00,40.718332,-73.98717,410
446,2013-06-08 11:39:00,40.775995,-73.95008,5983
447,2013-06-08 16:32:00,40.747975,-74.004888,6365
448,2013-06-08 14:16:00,40.76755,-73.98613,2322
449,2013-06-08 12:51:00,40.70972,-74.015377,2924
450,2013-06-08 08:14:00,40.747897,-73.973685,3444
451,2013-06-08 14:23:00,40.777642,-73.959147,3374
452,2013-06-08 14:04:00,40.751382,-73.97908,2145
453,2013-06-08 08:51:00,40.740622,-74.007722,5742
454,2013-06-08 03:19:00,40.743837,-73.99035,2065
455,2013-06-08 15:45:00,40.791812,-73.972045,3027
456,2013-06-08 16:09:00,40.741845,-73.997363,790
457,2013-06-08 13:35:00,40.764435,-73.961588,5969
458,2013-06-08 14:38:00,40.71134,-74.008802,4794
459,2013-06-08 09:05:00,40.720247,-74.005267,6292
460,2013-06-08 14:39:00,40.718607,-73.987845,410
461,2013-06-08 12:19:00,40.754597,-73.967102,3452
462,2013-06-08 15:32:00,40.752087,-73.975082,4035
463,2013-06-08 15:38:00,40.748162,-73.996352,3069
464,2013-06-08 12:15:00,40.779557,-73.98823,3337
465,2013-06-08 18:08:00,40.750002,-74.006985,5577
466,2013-06-08 05:40:00,40.765242,-73.987637,2920
467,2013-06-08 14:24:00,40.727312,-73.985602,3997
468,2013-06-08 10:25:00,40.717825,-74.005805,4166
469,2013-06-08 15:22:00,40.732547,-73.987495,2606
470,2013-06-08 10:21:00,40.709905,-74.016425,5773
471,2013-06-08 12:29:00,0,0,5907
472,2013-06-08 18:24:00,40.79449,-73.966335,2861
473,2013-06-08 09:32:00,40.757297,-73.969627,6158
474,2013-06-08 14:31:00,40.764447,-73.977253,4046
475,2013-06-08 13:06:00,40.744717,-73.978995,16
476,2013-06-08 12:50:00,40.783727,-73.951655,5499
477,2013-06-08 12:01:00,40.73141,-73.991472,517
478,2013-06-08 16:17:00,40.746277,-73.972307,982
479,2013-06-08 15:16:00,40.797755,-73.976222,2247
480,2013-06-08 08:34:00,40.76064,-73.958297,3363
481,2013-06-08 11:01:00,40.756332,-73.986625,2094
482,2013-06-08 14:33:00,40.768422,-73.957482,3000
483,2013-06-08 13:29:00,40.723692,-73.99624,2611
484,2013-06-08 13:24:00,40.73098,-74.002922,3763
485,2013-06-08 14:52:00,40.752852,-73.974975,6254
486,2013-06-08 02:25:00,40.74521,-73.994958,3776
487,2013-06-08 13:22:00,40.758715,-73.977422,3430
488,2013-06-08 09:34:00,40.767185,-73.96687,2995
489,2013-06-08 14:47:00,40.77909,-73.96236,733
490,2013-06-08 16:13:00,40.749735,-73.987617,3750
491,2013-06-08 17:04:00,40.644795,-73.781677,3681
492,2013-06-08 11:35:00,40.765295,-73.987772,2921
493,2013-06-08 11:08:00,40.760755,-73.973342,6251
494,2013-06-08 12:28:00,40.755302,-73.992847,2095
495,2013-06-08 14:35:00,40.766062,-73.987155,399
496,2013-06-08 10:58:00,40.794345,-73.966437,2861
497,2013-06-08 01:25:00,40.752437,-73.9774,619
498,2013-06-08 13:20:00,40.765477,-73.975075,4953
499,2013-06-08 04:35:00,40.690692,-73.992988,1647
500,2013-06-08 09:58:00,40.791737,-73.941763,6046
501,2013-06-08 11:10:00,40.773938,-73.954865,4874
502,2013-06-08 11:17:00,40.765002,-73.97041,4335
503,2013-06-08 03:49:00,40.743767,-73.983137,3633
504,2013-06-08 13:45:00,40.730282,-73.989293,2556
505,2013-06-08 10:26:00,40.732492,-74.00747,2458
506,2013-06-08 03:17:00,40.722857,-73.983367,3555
507,2013-06-08 13:30:00,40.75115,-73.980832,2173
508,2013-06-08 12:49:00,40.77189,-73.95116,5699
509,2013-06-08 05:19:00,40.7603,-73.987522,4083
510,2013-06-08 12:29:00,40.738375,-73.981348,3808
511,2013-06-08 02:03:00,40.723305,-74.007925,2447
512,2013-06-08 12:46:00,40.741972,-74.004327,5690
513,2013-06-08 14:18:00,40.762917,-73.965625,6185
514,2013-06-08 13:49:00,40.783715,-73.98358,3017
515,2013-06-08 02:33:00,40.726872,-73.991507,6244
516,2013-06-08 14:41:00,40.782007,-73.955688,3367
517,2013-06-08 11:51:00,40.772235,-73.949648,3260
518,2013-06-08 11:05:00,40.765027,-73.961517,981
519,2013-06-08 10:52:00,40.75164,-73.978693,2145
520,2013-06-08 05:54:00,40.796987,-74.211243,6324
521,2013-06-08 04:00:00,40.74453,-73.999165,2448
522,2013-06-08 18:58:00,40.728417,-73.987797,3816
523,2013-06-08 14:11:00,40.78554,-73.976547,2433
524,2013-06-08 13:21:00,40.742897,-74.007752,448
525,2013-06-08 17:34:00,40.752792,-73.970305,2955
526,2013-06-08 14:43:00,40.73988,-73.994872,2526
527,2013-06-08 13:14:00,40.728557,-74.005903,2239
528,2013-06-08 13:35:00,40.77942,-73.955707,732
529,2013-06-08 17:03:00,40.757577,-73.973763,3210
530,2013-06-08 05:08:00,40.764352,-73.988678,658
531,2013-06-08 12:59:00,40.74227,-73.980703,4666
532,2013-06-08 13:33:00,40.72685,-73.985855,4762
533,2013-06-08 16:32:00,40.78153,-73.956328,3367
534,2013-06-08 11:17:00,40.736037,-73.985637,3937
535,2013-06-08 10:08:00,40.760682,-73.973023,6251
536,2013-06-17 17:44:00,40.731605,-74.001057,4991
537,2013-06-08 15:15:00,40.774095,-73.874615,3347
538,2013-06-08 13:39:00,40.780795,-73.980017,6268
539,2013-06-08 13:07:00,40.762552,-74.001315,5265
540,2013-06-08 03:23:00,40.74015,-74.00575,3453
541,2013-06-08 11:29:00,0,0,5907
542,2013-06-08 14:34:00,40.738677,-74.00348,563
543,2013-06-08 11:30:00,40.776165,-73.957537,3371
544,2013-06-08 09:59:00,40.642132,-73.788603,5549
545,2013-06-08 13:13:00,40.733087,-73.981327,2415
546,2013-06-08 15:29:00,40.761182,-73.983095,2827
547,2013-06-08 12:34:00,40.776102,-73.94701,5593
548,2013-06-08 15:05:00,40.717202,-74.006493,4166
549,2013-06-08 11:59:00,40.757737,-73.971938,2144
550,2013-06-08 09:13:00,40.743747,-73.983417,3633
551,2013-06-08 05:13:00,40.719747,-73.953465,2138
552,2013-06-08 13:44:00,40.762807,-73.982023,6300
553,2013-06-08 09:06:00,40.771215,-73.979745,1361
554,2013-06-08 15:48:00,40.736357,-73.997537,5176
555,2013-06-08 12:53:00,40.770407,-73.962088,1363
556,2013-06-08 09:10:00,40.787895,-73.975052,2512
557,2013-06-08 13:16:00,40.641525,-73.787955,5549
558,2013-06-08 15:18:00,40.740062,-74.00582,3453
559,2013-06-08 08:43:00,40.749087,-73.982272,1049
560,2013-06-08 11:37:00,40.768507,-73.981787,3957
561,2013-06-08 03:17:00,40.762852,-73.996923,5388
562,2013-06-08 15:59:00,40.79267,-73.952275,2228
563,2013-06-08 13:47:00,40.750257,-73.987052,3750
564,2013-06-08 15:51:00,40.702457,-74.013078,2137
565,2013-06-08 14:46:00,40.721182,-74.004537,2722
566,2013-06-08 15:02:00,40.751632,-73.976815,3583
567,2013-06-08 10:52:00,40.749107,-73.977923,5751
568,2013-06-08 06:33:00,40.771552,-73.94701,3260
569,2013-06-08 14:56:00,40.779312,-73.955197,732
570,2013-06-08 12:24:00,40.73315,-73.979597,2306
571,2013-06-08 15:17:00,40.774782,-73.947935,5593
572,2013-06-08 10:46:00,40.740205,-73.998635,2573
573,2013-06-08 14:46:00,40.716687,-74.010613,2124
574,2013-06-08 15:08:00,40.7585,-73.977362,3430
575,2013-06-08 17:40:00,40.802265,-73.967907,5717
576,2013-06-08 18:19:00,40.74347,-73.99603,4229
577,2013-06-08 12:40:00,40.75686,-73.989782,2967
578,2013-06-08 11:25:00,40.765767,-73.987322,399
579,2013-06-08 12:21:00,40.781037,-73.981423,3322
580,2013-06-08 14:38:00,40.758252,-73.971085,2144
581,2013-06-08 15:00:00,40.723152,-73.99874,4534
582,2013-06-08 09:38:00,40.738697,-73.990182,5753
583,2013-06-08 17:07:00,40.738575,-73.982467,3808
584,2013-06-08 16:07:00,40.772507,-73.982495,191
585,2013-06-08 11:57:00,40.721957,-73.985127,3095
586,2013-06-08 12:21:00,40.771505,-73.865477,6340
587,2013-06-08 11:56:00,40.727987,-73.984967,4356
588,2013-06-08 14:43:00,40.736117,-73.997832,5176
589,2013-06-08 12:54:00,40.72144,-73.99809,2612
590,2013-06-08 15:23:00,40.773307,-73.982045,4016
591,2013-06-08 08:40:00,40.72811,-74.00214,291
592,2013-06-08 10:03:00,40.758407,-73.97111,2144
593,2013-06-08 15:44:00,40.77705,-73.961435,4153
594,2013-06-08 11:40:00,40.729692,-73.99341,5649
595,2013-06-08 13:24:00,40.749267,-73.988202,5619
596,2013-06-08 03:44:00,40.72513,-74.00313,3933
597,2013-06-08 12:13:00,40.764525,-73.970435,4335
598,2013-06-08 10:01:00,40.751807,-73.993158,6229
599,2013-06-08 17:03:00,40.766437,-73.983047,3213
600,2013-06-08 12:51:00,40.793377,-73.940527,5734
601,2013-06-08 14:35:00,40.762142,-73.97465,551
602,2013-06-08 14:14:00,40.74256,-73.911662,5149
603,2013-06-08 13:32:00,40.776497,-73.982297,5679
604,2013-06-08 13:05:00,40.705172,-74.007902,2364
605,2013-06-08 13:48:00,40.77211,-73.96619,2438
606,2013-06-08 10:40:00,40.732635,-73.995542,4631
607,2013-06-08 11:32:00,40.754797,-73.972972,4388
608,2013-06-08 02:32:00,40.756677,-73.998177,3520
609,2013-06-08 02:27:00,40.718635,-73.985325,6085
610,2013-06-08 09:51:00,40.734417,-74.002285,3235
611,2013-06-08 16:11:00,40.755322,-73.994868,5570
612,2013-06-08 12:42:00,40.743135,-73.999855,2470
613,2013-06-08 10:40:00,40.742542,-73.980538,2682
614,2013-06-08 09:33:00,40.774867,-73.988635,3512
615,2013-06-08 10:16:00,40.759442,-73.987415,2875
616,2013-06-08 07:54:00,40.734842,-73.984765,3934
617,2013-06-08 11:24:00,40.756277,-73.98747,2166
618,2013-06-08 04:01:00,40.696465,-73.930777,778
619,2013-06-08 14:50:00,40.644965,-73.781272,3681
620,2013-06-08 16:42:00,40.750417,-73.991188,5951
621,2013-06-08 15:01:00,40.765827,-73.97651,5028
622,2013-06-08 09:43:00,40.800062,-73.969897,4839
623,2013-06-08 08:29:00,40.73445,-73.980278,2306
624,2013-06-08 11:41:00,40.730792,-73.983002,2830
625,2013-06-08 16:13:00,40.782287,-73.955777,4380
626,2013-06-08 13:54:00,40.777402,-73.97854,302
627,2013-06-08 13:17:00,40.747692,-73.973957,3444
628,2013-06-08 09:46:00,40.73009,-73.861497,4635
629,2013-06-08 10:34:00,40.782335,-73.975227,3019
630,2013-06-08 12:48:00,40.684397,-74.000205,2542
631,2013-06-08 15:09:00,40.771887,-73.96327,5352
632,2013-06-08 17:22:00,40.745702,-74.008817,4529
633,2013-06-08 07:26:00,40.758072,-73.98875,4118
634,2013-06-08 17:56:00,40.785677,-73.969153,2497
635,2013-06-08 14:09:00,40.769502,-73.96939,1555
636,2013-06-08 09:18:00,40.772597,-73.978648,1361
637,2013-06-03 00:10:21,40.793646,-73.972424,3029
638,2013-06-08 12:20:00,40.773437,-73.97795,3011
639,2013-06-08 08:54:00,40.68796,-73.995487,242
640,2013-06-08 10:52:00,40.756352,-73.997882,3520
641,2013-06-08 14:46:00,40.729727,-73.996727,1926
642,2013-06-08 02:27:00,40.741402,-74.008612,332
643,2013-06-08 13:43:00,40.72979,-73.97474,4276
644,2013-06-08 13:03:00,0,0,5907
645,2013-06-08 12:56:00,40.756382,-73.982057,5240
646,2013-06-08 11:02:00,40.754667,-73.98019,1866
647,2013-06-08 15:39:00,40.782722,-73.950887,5498
648,2013-06-08 11:29:00,40.757617,-73.974283,3210
649,2013-06-08 10:41:00,40.771745,-73.950057,5699
650,2013-06-08 10:06:00,40.73533,-73.980225,2306
651,2013-06-08 09:55:00,40.746325,-73.979535,3544
652,2013-06-08 12:18:00,40.741517,-73.981267,3625
653,2013-06-08 15:27:00,40.787057,-73.97538,776
654,2013-06-08 10:52:00,40.68471,-73.97786,691
655,2013-06-08 10:42:00,40.75437,-73.965827,3452
656,2013-06-08 12:32:00,40.770427,-73.981865,2385
657,2013-06-08 18:58:00,40.777362,-73.955165,3897
658,2013-06-08 14:49:00,40.773817,-73.875367,3347
659,2013-06-08 17:47:00,40.778412,-73.978967,3325
660,2013-06-08 13:03:00,40.791715,-73.968385,4687
661,2013-06-08 12:23:00,40.73211,-73.981857,2415
662,2013-06-08 12:52:00,40.736422,-73.990795,4050
663,2013-06-08 13:23:00,40.771032,-73.956902,3002
664,2013-06-08 15:16:00,40.723312,-73.991292,745
665,2013-06-08 11:39:00,40.771505,-73.950343,5699
666,2013-06-08 08:35:00,40.765142,-73.997807,5802
667,2013-06-08 11:02:00,40.749542,-73.987518,5619
668,2013-06-08 13:29:00,40.768352,-73.958635,5965
669,2013-06-08 13:11:00,40.765137,-73.995235,3404
670,2013-06-08 15:44:00,40.765197,-73.98782,657
671,2013-06-08 15:28:00,40.773602,-73.957713,922
672,2013-06-08 17:35:00,40.752185,-73.98185,5501
673,2013-06-08 03:23:00,40.71916,-74.005107,4599
674,2013-06-08 03:38:00,40.721312,-73.987715,4165
675,2013-06-08 15:29:00,40.763947,-73.97711,2854
676,2013-06-08 09:23:00,40.732217,-74.007568,2458
677,2013-06-08 13:01:00,40.740907,-73.997995,6077
678,2013-06-08 12:43:00,40.795865,-73.943767,25
679,2013-06-08 14:54:00,40.782637,-73.974972,3019
680,2013-06-08 14:34:00,40.742692,-74.004117,2803
681,2013-06-08 03:27:00,40.743312,-73.97722,4099
682,2013-06-08 13:47:00,40.72465,-73.98455,6008
683,2013-06-08 13:02:00,40.746367,-74.00086,5900
684,2013-06-08 09:17:00,40.746122,-73.982317,2149
685,2013-06-08 04:39:00,40.750472,-73.974232,3630
686,2013-06-08 12:35:00,40.77094,-73.95928,6341
687,2013-06-08 13:53:00,40.76067,-73.97561,2421
688,2013-06-08 11:10:00,40.707812,-74.004677,519
689,2013-06-08 15:34:00,40.741352,-73.989717,2106
690,2013-06-08 11:44:00,40.749542,-73.9815,1049
691,2013-06-08 13:08:00,40.742635,-73.980335,6006
692,2013-06-08 11:40:00,40.733455,-73.99555,4631
693,2013-06-08 14:26:00,40.725597,-74.005505,4289
694,2013-06-08 04:00:00,40.72429,-73.990687,3936
695,2013-06-08 16:07:00,40.642827,-73.789257,4678
696,2013-06-08 17:20:00,40.780402,-73.984207,3337
697,2013-06-08 08:52:00,40.706447,-74.009278,2360
698,2013-06-08 14:11:00,40.770877,-73.865522,6340
699,2013-06-08 16:54:00,40.768352,-73.992862,2478
700,2013-06-08 02:17:00,40.739317,-74.006682,3591
701,2013-06-08 10:51:00,40.733207,-73.986983,3479
702,2013-06-08 17:03:00,40.766917,-73.953682,987
703,2013-06-08 14:51:00,40.644935,-73.781842,3681
704,2013-06-08 13:13:00,40.720505,-73.996727,2676
705,2013-06-08 10:57:00,40.73325,-74.006345,416
706,2013-06-08 14:00:00,40.788752,-73.966818,2330
707,2013-06-08 16:39:00,40.763927,-73.979742,2934
708,2013-06-08 13:23:00,40.712797,-73.99231,1318
709,2013-06-08 09:03:00,40.75008,-74.002402,3919
710,2013-06-08 11:34:00,40.740432,-73.978885,2907
711,2013-06-08 08:30:00,40.745777,-73.987887,1864
712,2013-06-08 10:18:00,40.749302,-73.983875,4645
713,2013-06-08 08:59:00,40.725857,-74.007502,2878
714,2013-06-08 09:45:00,40.72253,-73.988665,458
715,2013-06-08 14:13:00,40.728017,-73.988065,6216
716,2013-06-08 16:06:00,40.765092,-73.98782,657
717,2013-06-08 11:50:00,40.779237,-73.962065,733
718,2013-06-08 11:30:00,40.744095,-73.99771,953
719,2013-06-08 15:16:00,40.75592,-73.963182,4858
720,2013-06-08 09:42:00,40.779475,-73.944575,4992
721,2013-06-08 02:12:00,40.755605,-73.990227,4245
722,2013-06-08 10:51:00,40.747317,-73.996937,1396
723,2013-06-08 16:38:00,40.742932,-73.980057,2624
724,2013-06-08 15:30:00,40.75235,-73.992162,6428
725,2013-06-08 13:43:00,40.7625,-73.996278,6262
726,2013-06-08 09:36:00,40.76924,-73.865602,6340
727,2013-06-08 14:06:00,40.738112,-73.977647,24
728,2013-06-08 10:28:00,40.737412,-73.989097,484
729,2013-06-08 02:32:00,40.729832,-73.998602,6363
730,2013-06-08 12:36:00,40.7377,-73.985932,4330
731,2013-06-08 13:42:00,40.764442,-73.961567,5969
732,2013-06-08 14:11:00,40.705297,-74.007502,2362
733,2013-06-08 02:47:00,40.721877,-73.95791,220
734,2013-06-08 11:07:00,40.725322,-73.996565,280
735,2013-06-08 09:09:00,40.793132,-73.947555,3036
736,2013-06-08 17:05:00,40.761755,-73.983667,2877
737,2013-06-08 12:44:00,40.771277,-73.982272,2946
738,2013-06-08 10:22:00,40.779432,-73.953717,5815
739,2013-06-08 10:43:00,40.777537,-73.952172,5652
740,2013-06-08 08:40:00,40.762607,-73.965885,6185
741,2013-06-08 14:34:00,40.72251,-73.997095,2613
742,2013-06-08 03:16:00,40.738185,-74.009147,3655
743,2013-06-08 12:28:00,40.751157,-73.991063,906
744,2013-06-08 12:01:00,40.74838,-73.991875,731
745,2013-06-08 11:34:00,40.771315,-73.987077,3512
746,2013-06-08 13:45:00,40.731432,-74.003325,2127
747,2013-06-08 06:05:00,40.763677,-73.978748,5843
748,2013-06-08 17:16:00,40.761845,-73.983382,2877
749,2013-06-08 13:31:00,40.73167,-73.982262,3482
750,2013-06-08 14:47:00,40.807782,-73.96421,4840
751,2013-06-08 14:06:00,40.74901,-73.981965,1049
752,2013-06-08 12:12:00,40.734595,-73.987722,5239
753,2013-06-08 09:19:00,40.762775,-73.982137,6300
754,2013-06-08 10:57:00,40.791842,-73.975712,2237
755,2013-06-08 14:29:00,40.72769,-73.992725,6227
756,2013-06-08 02:29:00,40.74588,-73.97803,2950
757,2013-06-08 10:23:00,40.777405,-73.986322,3012
758,2013-06-08 12:04:00,40.706392,-74.009462,2360
759,2013-06-08 18:22:00,40.722017,-73.999463,3436
760,2013-06-08 14:50:00,40.777735,-73.979552,4844
761,2013-06-08 15:27:00,40.762172,-73.965895,6185
762,2013-06-08 12:15:00,40.773127,-73.885385,3356
763,2013-06-08 12:29:00,40.730482,-74.001973,2128
764,2013-06-08 13:16:00,40.767535,-73.989703,3517
765,2013-06-08 09:09:00,40.705182,-74.007973,2364
766,2013-06-08 17:40:00,40.752045,-73.978807,2169
767,2013-06-08 04:36:00,40.749932,-73.988627,814
768,2013-06-08 06:12:00,40.734927,-73.991797,3914
769,2013-06-08 11:55:00,40.749965,-73.991242,5951
770,2013-06-08 13:14:00,40.739467,-73.979855,4664
771,2013-06-08 04:10:00,40.71666,-73.95881,2117
772,2013-06-08 13:04:00,40.716117,-74.01642,545
773,2013-06-08 17:36:00,40.725782,-74.003865,6374
774,2013-06-08 17:34:00,40.789247,-73.95467,5824
775,2013-06-08 17:54:00,40.735595,-73.998092,5179
776,2013-06-08 13:15:00,40.761392,-73.983727,2876
777,2013-06-08 15:05:00,40.780552,-73.945627,5150
778,2013-06-08 19:17:00,40.696332,-73.98781,6115
779,2013-06-08 15:06:00,40.790617,-73.974583,3025
780,2013-06-08 06:14:00,40.782905,-73.953125,5869
781,2013-06-08 14:51:00,40.76729,-73.986222,2322
782,2013-06-08 13:40:00,40.750627,-73.974262,3630
783,2013-06-08 12:37:00,40.757675,-73.981822,6083
784,2013-06-08 10:48:00,40.771452,-73.965765,5352
785,2013-06-08 02:10:00,40.765325,-73.982155,4092
786,2013-06-08 15:01:00,40.751027,-73.994165,6229
787,2013-06-08 10:53:00,40.753592,-73.996255,3545
788,2013-06-08 15:06:00,40.723782,-74.003465,5069
789,2013-06-08 09:57:00,40.791967,-73.941537,5734
790,2013-06-08 15:06:00,40.774127,-73.982473,4016
791,2013-06-08 13:32:00,40.725857,-74.007793,193
792,2013-06-08 07:43:00,40.792182,-73.965717,2236
793,2013-06-10 18:32:00,40.64877,-73.78571,3661
794,2013-06-08 12:43:00,40.729417,-73.983898,3765
795,2013-06-08 09:55:00,40.8,-73.961953,2007
796,2013-06-08 10:39:00,40.78519,-73.975367,777
797,2013-06-08 10:24:00,40.733847,-73.870545,3428
798,2013-06-08 02:31:00,40.72132,-73.988522,263
799,2013-06-08 13:34:00,40.761535,-73.994985,554
800,2013-06-08 14:49:00,40.74693,-73.985662,4821
801,2013-06-08 03:55:00,40.776457,-73.95263,6131
802,2013-06-08 13:34:00,40.759622,-73.991472,862
803,2013-06-08 13:05:00,40.742282,-74.004107,2803
804,2013-06-08 13:00:00,40.785047,-73.95563,6071
805,2013-06-08 12:44:00,40.716132,-74.002752,5996
806,2013-06-08 14:44:00,40.784392,-73.952033,6081
807,2013-06-08 07:27:00,40.74554,-73.998923,2494
808,2013-06-08 12:32:00,40.744137,-73.97648,959
809,2013-06-08 18:10:00,40.755077,-73.973758,4388
810,2013-06-08 13:48:00,40.751892,-73.97713,3583
811,2013-06-08 14:34:00,40.719157,-73.999945,2712
812,2013-06-08 10:54:00,40.764937,-73.980457,3010
813,2013-06-08 15:17:00,40.755925,-73.990572,6308
814,2013-06-08 11:05:00,40.757637,-73.977547,2879
815,2013-06-08 15:36:00,40.76724,-73.954777,2996
816,2013-06-08 11:51:00,40.751567,-73.975127,4035
817,2013-06-08 11:44:00,40.755337,-73.971105,2151
818,2013-06-08 14:27:00,40.698885,-74.329125,1731
819,2013-06-02 23:42:51,40.721969,-74.001923,441
820,2013-06-08 17:40:00,40.724897,-73.99912,3778
821,2013-06-08 12:34:00,40.744812,-73.984612,5190
822,2013-06-08 16:18:00,40.782597,-73.97515,3019
823,2013-06-08 11:55:00,40.769747,-73.863435,6340
824,2013-06-08 06:40:00,40.757062,-73.967318,5569
825,2013-06-08 14:11:00,40.777977,-73.988665,3012
826,2013-06-08 16:02:00,40.771425,-73.983407,2947
827,2013-06-08 14:38:00,40.740327,-73.998302,2573
828,2013-06-08 12:51:00,40.748702,-73994,2311
829,2013-06-08 13:12:00,40.763975,-73.95586,979
830,2013-06-08 13:58:00,40.756372,-73.985583,2178
831,2013-06-08 18:39:00,40.769602,-73.960307,5435
832,2013-06-08 14:16:00,40.740417,-73.99469,5821
833,2013-06-08 17:33:00,40.739832,-73.97953,4664
834,2013-06-08 13:25:00,40.743715,-73.973397,3572
835,2013-06-08 17:04:00,40.722027,-73.985885,3095
836,2013-06-08 12:15:00,40.752162,-73.993227,4385
837,2013-06-08 02:42:00,40.749802,-74.031912,6324
838,2013-06-08 01:31:00,40.782027,-73.956007,3367
839,2013-06-08 13:30:00,40.747562,-73.974057,3444
840,2013-06-08 13:22:00,0,0,5907
841,2013-06-08 17:33:00,40.707287,-74.004207,4176
842,2013-06-08 14:42:00,40.731692,-73.991233,517
843,2013-06-08 11:16:00,40.724155,-73.978825,3643
844,2013-06-08 10:20:00,40.758322,-73.965187,5968
845,2013-06-08 11:54:00,40.776052,-73.94704,5593
846,2013-06-08 12:53:00,40.757972,-73.973272,2144
847,2013-06-08 15:30:00,40.762852,-73.969947,4586
848,2013-06-08 14:45:00,40.754912,-73.983962,6360
849,2013-06-08 14:16:00,40.736577,-73.997065,5176
850,2013-06-08 14:46:00,40.736697,-73.993005,2567
851,2013-06-08 12:32:00,40.76825,-73.981767,3957
852,2013-06-08 13:07:00,40.780737,-73.957047,3367
853,2013-06-08 16:08:00,40.744232,-73.973185,3647
854,2013-06-25 12:45:26,40.704868,-74.01594,940
855,2013-06-08 10:47:00,40.750947,-73.978862,2145
856,2013-06-08 16:30:00,40.771215,-73.865837,6340
857,2013-06-08 09:01:00,40.791785,-73.975722,2237
858,2013-06-08 17:38:00,40.773882,-73.954635,4874
859,2013-06-08 12:28:00,40.762267,-73.9723,4586
860,2013-06-08 15:13:00,40.74984,-73.9881,5619
861,2013-06-08 13:10:00,40.722027,-74.008135,3812
862,2013-06-08 10:45:00,40.760797,-73.977547,933
863,2013-06-08 13:13:00,40.755572,-73.974475,459
864,2013-06-08 12:31:00,40.763535,-73.992708,297
865,2013-06-08 09:58:00,40.736192,-73.97905,2307
866,2013-06-08 17:16:00,40.759047,-73.97314,6129
867,2013-06-08 09:39:00,40.753395,-73.975185,6254
868,2013-06-08 12:19:00,40.779415,-73.95609,732
869,2013-06-08 12:55:00,40.746347,-73.985615,3724
870,2013-06-08 14:09:00,40.755267,-73.973092,3240
871,2013-06-08 15:11:00,40.752957,-73.978757,619
872,2013-06-08 12:05:00,40.709527,-74.015335,2925
873,2013-06-08 10:37:00,40.732302,-74.007727,2458
874,2013-06-08 12:16:00,40.763167,-73.974085,4325
875,2013-06-08 18:29:00,40.762777,-73.970437,4586
876,2013-06-08 16:11:00,40.773732,-73.98193,4016
877,2013-06-08 17:46:00,40.768175,-73.959168,5965
878,2013-06-08 11:13:00,40.779702,-73.956615,732
879,2013-06-08 12:26:00,40.768402,-73.981937,3957
880,2013-06-08 09:14:00,40.763392,-73.980832,294
881,2013-06-08 12:29:00,40.736127,-73.997905,5176
882,2013-06-08 11:40:00,40.732417,-73.981897,2415
883,2013-06-08 13:56:00,40.743385,-73.918622,4747
884,2013-06-08 13:07:00,40.766582,-73.930383,5647
885,2013-06-08 10:43:00,40.777905,-73.946077,4992
886,2013-06-08 09:56:00,40.758565,-73.963845,4495
887,2013-06-08 18:27:00,40.767435,-73.962352,2858
888,2013-06-08 08:57:00,40.789692,-73.942198,5571
889,2013-06-08 12:25:00,40.733392,-73.98704,3479
890,2013-06-08 14:25:00,40.738655,-73.999662,2308
891,2013-06-08 12:04:00,40.73937,-74.007977,962
892,2013-06-08 11:26:00,40.72441,-73.990842,3936
893,2013-06-08 18:23:00,40.740932,-73.989887,2106
894,2013-06-08 01:28:00,40.76123,-73.98339,2827
895,2013-06-08 13:32:00,40.78978,-73.980177,6261
896,2013-06-08 16:05:00,40.771997,-73.965755,2438
897,2013-06-08 13:41:00,40.763547,-73.928325,327
898,2013-06-08 14:26:00,40.742077,-73.983168,3566
899,2013-06-08 08:10:00,40.715645,-74.01535,545
900,2013-06-08 16:18:00,40.762082,-73.9743,551
901,2013-06-08 08:28:00,40.784352,-73.981148,3017
902,2013-06-08 10:46:00,40.770382,-73.98016,1361
903,2013-06-08 13:11:00,40.73076,-73.974012,4276
904,2013-06-08 11:24:00,40.770562,-73.966357,1555
905,2013-06-08 09:14:00,0,0,5907
906,2013-06-08 09:17:00,40.773852,-73.873235,3348
907,2013-06-08 11:08:00,40.76313,-73.97891,2934
908,2013-06-08 14:02:00,40.750635,-73.9946,2100
909,2013-06-08 14:52:00,40.718657,-73.98776,410
910,2013-06-08 08:14:00,40.70885,-74.004977,4253
911,2013-06-08 08:20:00,40.754445,-73.965782,3452
912,2013-06-08 12:44:00,40.767835,-73.978473,2156
913,2013-06-08 10:14:00,40.749507,-73.99153,5951
914,2013-06-08 15:53:00,40.758157,-73.987855,2970
915,2013-06-08 16:17:00,40.745367,-74.005835,2464
916,2013-06-08 11:49:00,40.738517,-73.982405,3808
917,2013-06-08 03:34:00,40.851507,-73.933253,1578
918,2013-06-08 18:15:00,40.759025,-73.992272,3648
919,2013-06-08 14:17:00,40.777727,-73.951982,5652
920,2013-06-08 16:28:00,40.725857,-73.9949,3645
921,2013-06-08 15:28:00,40.764002,-73.980295,3009
922,2013-06-08 13:02:00,40.77463,-73.948065,5593
923,2013-06-08 13:51:00,40.761647,-73.974795,938
924,2013-06-08 12:27:00,40.777782,-73.982017,3012
925,2013-06-08 17:38:00,40.74237,-74.00469,5690
926,2013-06-08 14:38:00,40.730992,-73.978442,330
927,2013-06-08 12:09:00,40.739175,-73.990945,5957
928,2013-06-08 14:06:00,40.791367,-73.974412,2313
929,2013-06-08 08:28:00,40.737872,-73.977942,24
930,2013-06-08 10:46:00,40.74546,-73.980422,2165
931,2013-06-08 13:56:00,40.762502,-73.975987,3845
932,2013-06-08 08:51:00,40.725695,-74.005555,2878
933,2013-06-08 12:40:00,40.75515,-73.994917,5570
934,2013-06-08 11:10:00,40.754462,-73.988022,787
935,2013-06-08 14:59:00,40.723457,-73.998495,4534
936,2013-06-24 00:39:37,40.737535,-73.992685,2567
937,2013-06-08 15:05:00,40.743502,-73.976868,4099
938,2013-06-08 15:17:00,40.725422,-73.996135,280
939,2013-06-08 10:31:00,40.706182,-74.009785,2360
940,2013-06-08 16:50:00,40.755817,-73.9872,3981
941,2013-06-08 08:14:00,40.776875,-73.9793,3013
942,2013-06-08 08:36:00,40.754015,-73.96928,5966
943,2013-06-08 12:34:00,40.785022,-73.955567,6071
944,2013-06-08 09:57:00,40.725225,-73.981558,222
945,2013-06-08 15:37:00,40.756997,-73.971292,6162
946,2013-06-08 12:14:00,40.784437,-73.94732,947
947,2013-06-08 09:46:00,40.647415,-73.788432,3661
948,2013-06-08 12:31:00,40.763107,-73.980817,6323
949,2013-06-08 16:18:00,40.756172,-73.990382,6394
950,2013-06-08 05:11:00,0,0,5907
951,2013-06-08 14:12:00,40.770517,-73.968398,1555
952,2013-06-08 10:50:00,40.759522,-73.975072,2421
953,2013-06-08 12:33:00,40.765247,-73.954285,987
954,2013-06-08 12:29:00,40.774055,-73.988758,3512
955,2013-06-08 09:34:00,40.805405,-73.938488,3186
956,2013-06-08 13:03:00,40.744722,-73.981927,3506
957,2013-06-08 13:01:00,40.777642,-73.950905,5982
958,2013-06-08 13:50:00,40.765227,-73.965762,4386
959,2013-06-08 12:31:00,40.787127,-73.96815,2330
960,2013-06-08 16:08:00,40.727437,-73.982578,244
961,2013-06-08 09:55:00,40.709812,-74.014743,2924
962,2013-06-08 08:23:00,40.801932,-73.961462,5103
963,2013-06-08 02:06:00,40.773067,-73.985723,3930
964,2013-06-08 12:31:00,40.746172,-73.986065,4074
965,2013-06-08 10:42:00,40.780912,-73.946637,5150
966,2013-06-08 13:39:00,40.7694,-73.951902,4857
967,2013-06-08 13:11:00,40.717207,-74.012655,3071
968,2013-06-08 11:39:00,40.74732,-73.981618,3795
969,2013-06-08 09:48:00,40.79894,-73.96873,2242
970,2013-06-08 15:51:00,40.77369,-73.870862,3355
971,2013-06-08 16:59:00,40.795142,-73.971592,3030
972,2013-06-08 12:23:00,40.765035,-73.9879,171
973,2013-06-08 17:33:00,40.775842,-73.989987,3512
974,2013-06-08 11:50:00,40.723532,-74.003432,2261
975,2013-06-08 13:50:00,40.72735,-74.00547,2878
976,2013-06-08 12:10:00,40.763765,-73.973437,2948
977,2013-06-08 04:53:00,40.72208,-73.996452,6211
978,2013-06-08 04:17:00,40.733617,-73.987125,2416
979,2013-06-08 11:52:00,40.755227,-73.986588,4568
980,2013-06-08 14:25:00,40.75205,-73.97899,2169
981,2013-06-08 14:11:00,40.767967,-73.981403,3957
982,2013-06-08 02:55:00,40.719447,-73.99741,5053
983,2013-06-08 14:04:00,40.751367,-73.993917,6229
984,2013-06-08 02:49:00,40.78377,-73.950093,3434
985,2013-06-08 10:51:00,40.687892,-73.986978,5544
986,2013-06-08 04:13:00,40.731007,-74.000985,333
987,2013-06-08 13:51:00,40.74749,-73.9768,4648
988,2013-06-08 15:04:00,40.74784,-73.989222,4235
989,2013-06-08 13:22:00,40.755737,-73.966617,5967
990,2013-06-08 12:43:00,40.768302,-73.985453,2949
991,2013-06-08 02:32:00,40.755625,-73.980895,4713
992,2013-06-08 12:21:00,40.763702,-73.973347,2948
993,2013-06-08 14:53:00,40.712012,-74.00604,4196
994,2013-06-08 02:12:00,40.78708,-73.977472,2238
995,2013-06-08 12:07:00,40.733837,-73.987977,2416
996,2013-06-08 13:40:00,40.795662,-73.973047,3993
997,2013-06-08 11:12:00,40.728762,-73.981555,724
998,2013-06-08 13:03:00,40.779482,-73.945317,4992
